date,ticker,name,entry_price,signal,signal_score,has_squeeze,has_houyi,has_whale,close_above_ma20,ma20_slope,ma20_converging,volume_expansion,volume_expansion_ratio,rs_ratio,rs_slope_5d,rs_new_high_60,ranking_score,experimental_score,rs_component_score,ranking_score_version,feature_schema_version,feature_schema_date,scan_id,rank_position_v1,ranking_percentile_v1,rank_position_v2,ranking_percentile_v2,return_5d,return_10d,return_14d,return_20d,max_favorable_excursion_14d,max_adverse_excursion_14d,hit_5pct_14d,days_to_peak_14d,drawdown_before_hit_5pct,hit_5pct_before_minus_5pct,current_price,return_pct,strategy_return_pct,days_tracked,last_updated,status,type,pattern,momentum,prev_momentum,energy_level,squeeze_on,fired,market_regime,benchmark_ticker,value_score,benchmark_symbol,benchmark_period,benchmark_source,benchmark_last_date,stop_loss_rule,stop_loss_threshold,stop_loss_triggered,stop_loss_message,stop_loss_ma_window,stop_loss_ticks,stop_loss_tick_size
2026-10-02,2351.TW,順德,209.0,強烈賣出 (跌破),0.0,False,False,False,False,-1.1750000000000114,True,False,1.040679330948762,0.004359604464324927,-2.7060311729082187,False,0.0,0.0,0.0,v1,phase6a,2026-07-12,scan_20261001_173958,440.0,0.30317460317460315,449.0,0.28888888888888886,,,,,,,False,,,,209.0,0.0,0.0,0,2026-10-02,tracking,sell,squeeze,-8.583333333333332,-2.083333333333334,0,False,True,bull_trend,^TWII,,^TWII,2y,yfinance,2026-09-30,,,False,,,0,0.01
2026-10-02,2395.TW,研華,726.0,強烈買入 (爆發),3.0,False,False,False,True,2.450000000000045,False,False,0.7250995113831693,0.0151438891918655,0.9705073167884049,False,3.0,5.0,2.0,v1,phase6a,2026-07-12,scan_20261001_173958,35.0,0.946031746031746,8.0,0.9888888888888888,,,,,,,False,,,,726.0,0.0,0.0,0,2026-10-02,tracking,buy,squeeze,42.33333333333333,30.83333333333333,0,False,True,bull_trend,^TWII,,^TWII,2y,yfinance,2026-09-30,,,False,,,0,0.01
2026-10-02,2455.TW,全新,552.0,買入 (動能增強),2.0,True,False,False,True,3.75,False,False,0.1163787684580807,0.0115143620301787,2.177547842339433,False,2.0,3.0,1.0,v1,phase6a,2026-07-12,scan_20261001_173958,113.0,0.8222222222222222,88.0,0.861904761904762,,,,,,,False,,,,552.0,0.0,0.0,0,2026-10-02,tracking,buy,squeeze,31.166666666666664,30.166666666666668,0,True,False,bull_trend,^TWII,,^TWII,2y,yfinance,2026-09-30,,,False,,,0,0.01
2026-10-02,3006.TW,晶豪科,286.0,賣出 (動能轉弱),0.0,True,False,False,True,-0.32499999999998863,False,False,0.5210272909647969,0.005965774530128848,-1.2070118557190646,False,0.0,1.0,1.0,v1,phase6a,2026-07-12,scan_20261001_173958,486.0,0.23015873015873015,400.0,0.36666666666666664,,,,,,,False,,,,286.0,0.0,0.0,0,2026-10-02,tracking,sell,squeeze,-14.333333333333332,-8.416666666666666,0,True,False,bull_trend,^TWII,,^TWII,2y,yfinance,2026-09-30,,,False,,,0,0.01
2026-10-02,3211.TWO,順達,398.5,強烈買入 (爆發),3.0,False,False,False,True,0.5999999999999659,False,True,2.042623964652398,0.0083124515743228,0.1100601426327729,False,3.0,4.0,1.0,v1,phase6a,2026-07-12,scan_20261001_173958,40.0,0.938095238095238,34.0,0.9476190476190476,,,,,,,False,,,,398.5,0.0,0.0,0,2026-10-02,tracking,buy,squeeze,9.0,0.9166666666666664,0,False,True,bull_trend,^TWII,,^TWII,2y,yfinance,2026-09-30,,,False,,,0,0.01
2026-10-02,3231.TW,緯創,184.5,賣出 (動能轉弱),0.0,True,False,False,False,0.32500000000001705,False,False,0.39374283889420586,0.0038485503524782255,-1.6414808041607443,False,0.0,0.0,0.0,v1,phase6a,2026-07-12,scan_20261001_173958,492.0,0.22063492063492063,498.0,0.2111111111111111,,,,,,,False,,,,184.5,0.0,0.0,0,2026-10-02,tracking,sell,squeeze,-7.083333333333332,-6.833333333333332,0,True,False,bull_trend,^TWII,,^TWII,2y,yfinance,2026-09-30,,,False,,,0,0.01
2026-10-02,3491.TWO,昇達科,1500.0,買入 (動能增強),2.0,True,False,False,True,6.0,False,False,0.5684636414832703,0.0312890272559205,1.221120410472354,False,2.0,4.0,2.0,v1,phase6a,2026-07-12,scan_20261001_173958,141.0,0.7777777777777778,47.0,0.926984126984127,,,,,,,False,,,,1500.0,0.0,0.0,0,2026-10-02,tracking,buy,squeeze,68.33333333333333,64.16666666666667,0,True,False,bull_trend,^TWII,,^TWII,2y,yfinance,2026-09-30,,,False,,,0,0.01
2026-10-02,3680.TWO,家登,555.0,買入 (動能增強),4.0,True,False,True,True,3.099999999999909,False,False,0.7977441423817969,0.0115769400846905,0.9763202089551282,False,4.0,6.0,2.0,v1,phase6a,2026-07-12,scan_20261001_173958,9.0,0.9873015873015872,1.0,1.0,,,,,,,False,,,,555.0,0.0,0.0,0,2026-10-02,tracking,buy,squeeze,13.0,11.833333333333334,0,True,False,bull_trend,^TWII,,^TWII,2y,yfinance,2026-09-30,,,False,,,0,0.01
2026-10-02,4576.TW,大銀微系統,236.0,賣出 (動能轉弱),0.0,True,False,False,True,0.9749999999999943,False,False,0.6189739536684138,0.004922806954931497,-0.9509699384862458,False,0.0,1.0,1.0,v1,phase6a,2026-07-12,scan_20261001_173958,526.0,0.16666666666666666,405.0,0.35873015873015873,,,,,,,False,,,,236.0,0.0,0.0,0,2026-10-02,tracking,sell,squeeze,-7.083333333333333,-7.083333333333333,0,True,False,bull_trend,^TWII,,^TWII,2y,yfinance,2026-09-30,,,False,,,0,0.01
2026-10-02,4908.TWO,前鼎,207.0,強烈賣出 (跌破),0.0,False,False,False,False,-0.10000000000002274,False,False,0.23558101859016609,0.004317885761317033,-2.6244869301194296,False,0.0,0.0,0.0,v1,phase6a,2026-07-12,scan_20261001_173958,530.0,0.16031746031746033,532.0,0.15714285714285714,,,,,,,False,,,,207.0,0.0,0.0,0,2026-10-02,tracking,sell,squeeze,-13.916666666666666,-2.6666666666666674,0,False,True,bull_trend,^TWII,,^TWII,2y,yfinance,2026-09-30,,,False,,,0,0.01
2026-10-02,5483.TWO,中美晶,207.5,強烈買入 (爆發),3.0,False,False,False,True,1.4749999999999943,False,True,2.3691486436718683,0.004328315437069,1.1320450855405897,False,3.0,4.0,1.0,v1,phase6a,2026-07-12,scan_20261001_173958,60.0,0.9063492063492063,41.0,0.9365079365079364,,,,,,,False,,,,207.5,0.0,0.0,0,2026-10-02,tracking,buy,squeeze,11.333333333333332,7.999999999999999,0,False,True,bull_trend,^TWII,,^TWII,2y,yfinance,2026-09-30,,,False,,,0,0.01
2026-10-02,6223.TWO,旺矽,5125.0,賣出 (動能轉弱),0.0,True,False,False,False,-0.25,False,False,0.9454498725619467,0.10690417645772848,-2.891638223765558,False,0.0,0.0,0.0,v1,phase6a,2026-07-12,scan_20261001_173958,558.0,0.11587301587301588,559.0,0.11428571428571428,,,,,,,False,,,,5125.0,0.0,0.0,0,2026-10-02,tracking,sell,squeeze,-89.16666666666667,78.33333333333334,0,True,False,bull_trend,^TWII,,^TWII,2y,yfinance,2026-09-30,,,False,,,0,0.01
2026-10-02,6274.TWO,台燿,1520.0,買入 (動能增強),2.0,True,False,False,True,4.25,False,False,0.807646662911871,0.0317062142859994,0.8684551780170802,False,2.0,3.0,1.0,v1,phase6a,2026-07-12,scan_20261001_173958,195.0,0.692063492063492,95.0,0.8507936507936508,,,,,,,False,,,,1520.0,0.0,0.0,0,2026-10-02,tracking,buy,squeeze,111.66666666666666,84.16666666666667,0,True,False,bull_trend,^TWII,,^TWII,2y,yfinance,2026-09-30,,,False,,,0,0.01
2026-10-02,6488.TWO,環球晶,1035.0,買入 (動能增強),3.0,True,True,False,True,6.149999999999977,False,True,1.783920590444639,0.0215894288065851,-0.1450721600225968,False,3.0,3.0,0.0,v1,phase6a,2026-07-12,scan_20261001_173958,68.0,0.8936507936507937,78.0,0.8777777777777778,,,,,,,False,,,,1035.0,0.0,0.0,0,2026-10-02,tracking,buy,squeeze,12.333333333333332,-11.166666666666664,0,True,False,bull_trend,^TWII,,^TWII,2y,yfinance,2026-09-30,,,False,,,0,0.01
2026-10-02,6510.TWO,精測,3065.0,賣出 (動能轉弱),0.0,True,False,False,False,11.0,False,False,0.8535119780743898,0.06393391235959762,-0.7502658007022323,False,0.0,0.0,0.0,v1,phase6a,2026-07-12,scan_20261001_173958,568.0,0.1,568.0,0.1,,,,,,,False,,,,3065.0,0.0,0.0,0,2026-10-02,tracking,sell,squeeze,-149.16666666666666,-34.166666666666664,0,True,False,bull_trend,^TWII,,^TWII,2y,yfinance,2026-09-30,,,False,,,0,0.01
2026-10-02,6937.TW,天虹,308.0,買入 (動能增強),4.0,True,False,True,True,1.3000000000000114,False,False,1.2208011744892486,0.0064246802632156,0.9775111261527414,False,4.0,6.0,2.0,v1,phase6a,2026-07-12,scan_20261001_173958,19.0,0.9714285714285714,2.0,0.9984126984126984,,,,,,,False,,,,308.0,0.0,0.0,0,2026-10-02,tracking,buy,squeeze,16.083333333333332,15.75,0,True,False,bull_trend,^TWII,,^TWII,2y,yfinance,2026-09-30,,,False,,,0,0.01
2026-10-02,7795.TW,長廣,488.0,強烈賣出 (跌破),0.0,False,False,False,False,-1.0,True,False,0.4248525021170417,0.010179363533926147,-2.1888868502392134,False,0.0,0.0,0.0,v1,phase6a,2026-07-12,scan_20261001_173958,601.0,0.047619047619047616,601.0,0.047619047619047616,,,,,,,False,,,,488.0,0.0,0.0,0,2026-10-02,tracking,sell,squeeze,-35.49999999999999,-32.5,0,False,True,bull_trend,^TWII,,^TWII,2y,yfinance,2026-09-30,,,False,,,0,0.01
2026-10-02,7810.TWO,捷創科技,235.0,買入 (動能增強),2.0,True,False,False,True,0.450000000000017,False,True,1.8334187724562492,0.0049019476034275,1.0187008319161972,True,2.0,5.0,3.0,v1,phase6a,2026-07-12,scan_20261001_173958,221.0,0.6507936507936508,14.0,0.9793650793650792,,,,,,,False,,,,235.0,0.0,0.0,0,2026-10-02,tracking,buy,squeeze,8.5,5.666666666666666,0,True,False,bull_trend,^TWII,,^TWII,2y,yfinance,2026-09-30,,,False,,,0,0.01
2026-10-02,7828.TWO,創新服務,1885.0,賣出 (動能轉弱),1.0,True,True,False,False,6.0,False,False,0.6637662015834233,0.039319877584940134,-0.8817773337175039,False,1.0,1.0,0.0,v1,phase6a,2026-07-12,scan_20261001_173958,378.0,0.4015873015873016,379.0,0.4,,,,,,,False,,,,1885.0,0.0,0.0,0,2026-10-02,tracking,sell,squeeze,-6.666666666666661,82.49999999999999,0,True,False,bull_trend,^TWII,,^TWII,2y,yfinance,2026-09-30,,,False,,,0,0.01
2026-10-02,8358.TWO,金居,495.0,賣出 (動能轉弱),0.0,True,False,False,False,-2.25,False,False,0.7549462625620662,0.010325378994453776,-0.4085726405856249,False,0.0,0.0,0.0,v1,phase6a,2026-07-12,scan_20261001_173958,610.0,0.03333333333333333,610.0,0.03333333333333333,,,,,,,False,,,,495.0,0.0,0.0,0,2026-10-02,tracking,sell,squeeze,-11.333333333333332,-7.583333333333332,0,True,False,bull_trend,^TWII,,^TWII,2y,yfinance,2026-09-30,,,False,,,0,0.01
2026-10-01,1477.TW,聚陽,190.0,賣出 (動能轉弱),0.0,True,False,False,False,-0.2750000000000057,True,False,0.4242713030874122,0.0039889182863856,-2.5693981804515764,False,0.0,0.0,0.0,v1,phase6a,2026-07-12,scan_20260930_165221,425.0,0.3585476550680787,429.0,0.3524962178517398,,,,,,,False,,,0.0,192.0,1.0526315789473684,-1.0526315789473684,1,2026-10-02,tracking,sell,squeeze,-4.583333333333333,-3.583333333333333,0,True,False,bull_trend,^TWII,,^TWII,2y,yfinance,2026-09-29,,,False,,,0,0.01
2026-10-01,2337.TW,旺宏,118.5,賣出 (動能轉弱),0.0,True,False,False,False,-0.3999999999999915,True,False,0.5135512052826839,0.0024878253522984,-2.3476891136890443,False,0.0,0.0,0.0,v1,phase6a,2026-07-12,scan_20260930_165221,458.0,0.3086232980332829,462.0,0.302571860816944,,,,,,,False,,,0.0,122.5,3.375527426160337,-3.375527426160337,1,2026-10-02,tracking,sell,squeeze,-4.166666666666666,-3.833333333333333,0,True,False,bull_trend,^TWII,,^TWII,2y,yfinance,2026-09-29,,,False,,,0,0.01
2026-10-01,2395.TW,研華,730.0,買入 (動能增強),2.0,True,False,False,True,3.0499999999999545,False,False,1.1780872321534872,0.015325843942429,0.8225609014197666,False,2.0,4.0,2.0,v1,phase6a,2026-07-12,scan_20260930_165221,106.0,0.8411497730711044,53.0,0.9213313161875946,,,,,,,False,,,0.0,726.0,-0.547945205479452,-0.547945205479452,1,2026-10-02,tracking,buy,squeeze,30.83333333333333,13.833333333333332,0,True,False,bull_trend,^TWII,,^TWII,2y,yfinance,2026-09-29,,,False,,,0,0.01
2026-10-01,2455.TW,全新,543.0,買入 (動能增強),2.0,True,False,False,True,5.4500000000000455,False,False,0.075517593234754,0.0113999085763547,2.895549777728234,False,2.0,4.0,2.0,v1,phase6a,2026-07-12,scan_20260930_165221,111.0,0.8335854765506808,55.0,0.9183055975794252,,,,,,,False,,,0.0,552.0,1.6574585635359116,1.6574585635359116,1,2026-10-02,tracking,buy,squeeze,30.166666666666668,30.166666666666664,0,True,False,bull_trend,^TWII,,^TWII,2y,yfinance,2026-09-29,,,False,,,0,0.01
2026-10-01,3006.TW,晶豪科,285.0,賣出 (動能轉弱),0.0,True,False,False,True,0.7749999999999773,False,False,0.5527473769511778,0.0059833774295784,-1.3209198319587667,False,0.0,1.0,1.0,v1,phase6a,2026-07-12,scan_20260930_165221,511.0,0.2284417549167927,398.0,0.3993948562783661,,,,,,,False,,,0.0,286.0,0.3508771929824561,-0.3508771929824561,1,2026-10-02,tracking,sell,squeeze,-8.416666666666666,-4.833333333333333,0,True,False,bull_trend,^TWII,,^TWII,2y,yfinance,2026-09-29,,,False,,,0,0.01
2026-07-14,1590.TW,亞德客-KY,1290.0,賣出 (動能轉弱),,,,,,,,,,,,,,,,,,,,,,,,5.426354041607029,8.082266815530836,12.041324208041114,23.522590646320964,,,,,,,1570.0,21.705426356589147,-21.705426356589147,28,2026-08-11,completed,sell,squeeze,-65.0,-42.5,0,True,False,bull_trend,^TWII,,,,,,,,False,,,0,0.01
2026-07-14,2382.TW,廣達,380.0,買入 (動能增強),,,,,,,,,,,,,,,,,,,,,,,,-11.096708164737212,-13.97783336310221,-18.64251225569317,-13.429047611032685,,,,,,,313.5,-17.5,-17.5,28,2026-08-11,completed,buy,squeeze,4.333333333333333,2.0,1,True,False,bull_trend,^TWII,,,,,,,,False,,,0,0.01
2026-07-14,3167.TW,大量,870.0,買入 (動能增強),,,,,,,,,,,,,,,,,,,,,,,,-16.206896551724135,-38.39080459770115,-38.62068965517241,-27.01149425287356,,,,,,,655.0,-24.71264367816092,-24.71264367816092,28,2026-08-11,completed,buy,squeeze,26.166951497395832,24.305135091145832,0,True,False,bull_trend,^TWII,,,,,,,,False,,,0,0.01
2026-07-14,3498.TWO,陽程,119.5,買入 (動能增強),,,,,,,,,,,,,,,,,,,,,,,,-11.715481171548117,-16.987450252517,-17.154811715481166,4.184100418410042,,,,,,,125.0,4.602510460251046,4.602510460251046,28,2026-08-11,completed,buy,squeeze,4.583333333333333,4.333333333333333,1,True,False,bull_trend,^TWII,,,,,,,,False,,,0,0.01
2026-07-14,3596.TW,智易,189.5,買入 (動能增強),,,,,,,,,,,,,,,,,,,,,,,,-2.638522427440637,-6.596306068601587,-3.95778364116095,-10.817941952506594,,,,,,,174.0,-8.179419525065963,-8.179419525065963,28,2026-08-11,completed,buy,squeeze,5.999999999999999,5.249999999999999,0,True,False,bull_trend,^TWII,,,,,,,,False,,,0,0.01
2026-07-14,5288.TW,豐祥-KY,181.0,買入 (動能增強),,,,,,,,,,,,,,,,,,,,,,,,8.539940947869539,2.2038551670266138,4.407710334053205,10.359116599065144,,,,,,,197.5,9.116022099447514,9.116022099447514,28,2026-08-11,completed,buy,squeeze,3.4166666666666665,1.75,0,True,False,bull_trend,^TWII,,,,,,,,False,,,0,0.01
2026-07-14,5471.TW,松翰,62.59999847412109,買入 (動能增強),,,,,,,,,,,,,,,,,,,,,,,,-9.759997558593748,-19.040002441406244,-12.8,-10.079998779296872,,,,,,,56.70000076293945,-9.42491670126909,-9.42491670126909,28,2026-08-11,completed,buy,squeeze,2.877485911051432,2.271691004435221,0,True,False,bull_trend,^TWII,,,,,,,,False,,,0,0.01
2026-07-14,6223.TWO,旺矽,6300.0,強烈賣出 (跌破),,,,,,,,,,,,,,,,,,,,,,,,-7.334384858044163,-18.533123028391163,-8.438485804416407,-0.3943217665615117,,,,,,,6225.0,-1.1904761904761905,1.1904761904761905,28,2026-08-11,completed,sell,squeeze,-22.820963541666664,79.07609049479166,0,False,True,bull_trend,^TWII,,,,,,,,False,,,0,0.01
2026-07-14,6239.TW,力成,304.0,賣出 (動能轉弱),,,,,,,,,,,,,,,,,,,,,,,,-10.526320638283035,-17.269737599731727,-20.001007259330272,-5.242283231701483,,,,,,,288.5,-5.098684210526316,5.098684210526316,28,2026-08-11,completed,sell,squeeze,-25.58333333333333,-24.0,0,True,False,bull_trend,^TWII,,,,,,,,False,,,0,0.01
2026-07-14,6683.TWO,雍智科技,1510.0,賣出 (動能轉弱),,,,,,,,,,,,,,,,,,,,,,,,-22.51655629139073,-31.12582781456954,-32.78145695364238,-17.549668874172188,,,,,,,1230.0,-18.543046357615893,18.543046357615893,28,2026-08-11,completed,sell,squeeze,-88.61238606770833,-35.163187662760414,0,True,False,bull_trend,^TWII,,,,,,,,False,,,0,0.01
2026-07-14,6705.TWO,振躍精密,95.3000030517578,買入 (動能增強),,,,,,,,,,,,,,,,,,,,,,,,-3.1479537292047,-4.826868789308792,-2.3085042048129667,3.882473063754999,,,,,,,98.0,2.8331551540201136,2.8331551540201136,28,2026-08-11,completed,buy,squeeze,4.833389282226562,4.733388264973958,0,True,False,bull_trend,^TWII,,,,,,,,False,,,0,0.01
2026-07-14,6781.TW,AES-KY,1060.0,賣出 (動能轉弱),,,,,,,,,,,,,,,,,,,,,,,,-8.584905660377363,-13.67924528301887,-9.056603773584904,10.849056603773576,,,,,,,1195.0,12.735849056603774,-12.735849056603774,28,2026-08-11,completed,sell,squeeze,-28.89231363932291,-12.11663818359375,0,True,False,bull_trend,^TWII,,,,,,,,False,,,0,0.01
2026-07-14,6789.TW,采鈺,482.0,賣出 (動能轉弱),,,,,,,,,,,,,,,,,,,,,,,,-0.1037344398340245,-12.03319502074689,-10.68464730290456,-8.713692946058094,,,,,,,441.5,-8.402489626556017,8.402489626556017,28,2026-08-11,completed,sell,squeeze,-24.95531209309896,-17.82868448893229,0,True,False,bull_trend,^TWII,,,,,,,,False,,,0,0.01
2026-07-14,6829.TWO,千附精密,256.5,強烈買入 (爆發),,,,,,,,,,,,,,,,,,,,,,,,-19.49317738791423,-29.82456140350877,-32.35867446393762,-19.688109161793378,,,,,,,200.0,-22.02729044834308,-22.02729044834308,28,2026-08-11,completed,buy,squeeze,15.753397623697916,11.840326944986977,0,False,True,bull_trend,^TWII,,,,,,,,False,,,0,0.01
2026-07-14,6847.TWO,普瑞博,74.19999694824219,買入 (動能增強),,,,,,,,,,,,,,,,,,,,,,,,-1.5893999314466112,-3.973509933774833,4.900658209592312,2.811760302411015,,,,,,,80.5,8.490570499824072,8.490570499824072,28,2026-08-11,completed,buy,squeeze,4.283335367838542,4.233336130777994,0,True,False,bull_trend,^TWII,,,,,,,,False,,,0,0.01
2026-07-14,6949.TW,沛爾生醫-創,935.0,買入 (動能增強),,,,,,,,,,,,,,,,,,,,,,,,6.310160427807476,-4.705882352941182,-9.732620320855611,9.090909090909085,,,,,,,948.0,1.390374331550802,1.390374331550802,28,2026-08-11,completed,buy,squeeze,55.66666666666666,42.83333333333333,0,True,False,bull_trend,^TWII,,,,,,,,False,,,0,0.01
2026-07-14,7815.TWO,新特,362.0,強烈賣出 (跌破),,,,,,,,,,,,,,,,,,,,,,,,-25.41436464088398,-32.32044198895028,-33.011049723756905,-14.364640883977897,,,,,,,313.5,-13.39779005524862,13.39779005524862,28,2026-08-11,completed,sell,squeeze,-23.666666666666664,-15.416666666666666,0,False,True,bull_trend,^TWII,,,,,,,,False,,,0,0.01
2026-07-14,7827.TW,漢康-KY創,164.5,買入 (動能增強),,,,,,,,,,,,,,,,,,,,,,,,-5.167173252279634,-14.893617021276595,-8.510638297872342,-2.127659574468088,,,,,,,160.0,-2.735562310030395,-2.735562310030395,28,2026-08-11,completed,buy,squeeze,9.583333333333334,9.5,0,True,False,bull_trend,^TWII,,,,,,,,False,,,0,0.01
2026-07-14,7892.TWO,元鈦科,691.0,強烈賣出 (跌破),,,,,,,,,,,,,,,,,,,,,,,,-4.859813084112153,,,,,,,,,,501.0,-27.496382054992765,27.496382054992765,28,2026-08-11,completed,sell,squeeze,-54.66666666666666,-40.16666666666666,0,False,True,bull_trend,^TWII,,,,,,,,False,,,0,0.01
2026-07-14,7899.TWO,景美,450.5,賣出 (動能轉弱),,,,,,,,,,,,,,,,,,,,,,,,-11.320752794573384,-27.19201005508452,-24.195339198799303,-26.327052165913244,,,,,,,349.0,-22.53052164261932,22.53052164261932,28,2026-08-11,completed,sell,squeeze,-42.41666666666666,-31.166666666666664,0,True,False,bull_trend,^TWII,,,,,,,,False,,,0,0.01
2026-07-14,7912.TWO,新聿科,401.5,賣出 (動能轉弱),,,,,,,,,,,,,,,,,,,,,,,,-6.3511847791133285,-17.808216675768396,-18.43088170095197,-5.977581197280513,,,,,,,392.5,-2.2415940224159403,2.2415940224159403,28,2026-08-11,completed,sell,squeeze,-36.58333333333333,-27.08333333333333,0,True,False,bull_trend,^TWII,,,,,,,,False,,,0,0.01
2026-07-14,8021.TW,尖點,487.5,強烈賣出 (跌破),,,,,,,,,,,,,,,,,,,,,,,,-21.63168104943778,-27.60456212582753,-26.883697168332223,-9.582938188444636,,,,,,,434.5,-10.871794871794872,10.871794871794872,28,2026-08-11,completed,sell,squeeze,-49.91666666666666,-43.99999999999999,0,False,True,bull_trend,^TWII,,,,,,,,False,,,0,0.01
2026-07-14,8098.TWO,慶康科技,404.0,強烈買入 (爆發),,,,,,,,,,,,,,,,,,,,,,,,-3.836640064130537,-8.168320032065267,-5.569312051304431,-0.6188241226496527,,,,,,,403.5,-0.1237623762376237,-0.1237623762376237,28,2026-08-11,completed,buy,squeeze,26.916666666666664,23.25,0,False,True,bull_trend,^TWII,,,,,,,,False,,,0,0.01
2026-07-12,0061.TW,元大寶滬深,24.989999771118164,賣出 (動能轉弱),,,,,,,,,,,,,,,,,,,,,,,,-1.298700092333016,0.7711060826464111,1.0146104147430668,1.3798707833196255,,,,,,,25.14999961853028,0.6402554977092354,-0.6402554977092354,30,2026-08-11,completed,sell,squeeze,-0.3633337020874023,-0.3400001525878906,0,True,False,bull_trend,^TWII,,,,,,,,False,,,0,0.01
2026-07-12,1103.TW,嘉泥,13.399999618530272,強烈賣出 (跌破),,,,,,,,,,,,,,,,,,,,,,,,0.7380027071103745,1.702437314349159,0.551091895424527,1.3186530680157291,,,,,,,13.199999809265137,-1.4925359325276697,1.4925359325276697,30,2026-08-11,completed,sell,squeeze,-0.1916669209798177,-0.2083334922790527,0,False,True,bull_trend,^TWII,,,,,,,,False,,,0,0.01
2026-04-22,1264.TWO,德麥,276.5,賣出 (動能轉弱),,,,,,,,,,,,,,,,,,,,,,,,-0.5434733631223931,-1.6304317930747048,-1.6304317930747048,-1.0869584299523116,,,,,,,270.5,-2.16998191681736,2.16998191681736,81,2026-07-12,completed,sell,squeeze,-3.166666666666667,-3.0,0,True,False,bull_trend,^TWII,,,,,,,,False,,,0,0.01
2026-04-22,2233.TW,宇隆,245.5,強烈買入 (爆發),,,,,,,,,,,,,,,,,,,,,,,,4.798461159095946,13.243755193740704,10.55662652319047,32.43762377648325,,,,,,,252.5,2.8513238289205702,2.8513238289205702,81,2026-07-12,completed,buy,squeeze,7.666666666666666,4.416666666666666,0,False,True,bull_trend,^TWII,,,,,,,,False,,,0,0.01
2026-04-22,2247.TW,汎德永業,229.0,強烈賣出 (跌破),,,,,,,,,,,,,,,,,,,,,,,,-4.878048780487809,-4.656314191932043,-6.651883426031791,-9.312635394347769,,,,,,,233.0,1.7467248908296942,-1.7467248908296942,81,2026-07-12,completed,sell,squeeze,-3.0,-1.6666666666666667,0,False,True,bull_trend,^TWII,,,,,,,,False,,,0,0.01
2026-04-22,2367.TW,燿華,70.30000305175781,賣出 (動能轉弱),,,,,,,,,,,,,,,,,,,,,,,,-15.191746287504015,-9.439533046984971,-9.734518631502242,-5.457233313569565,,,,,,,51.5,-26.74253518583273,26.74253518583273,81,2026-07-12,completed,sell,squeeze,-5.699999491373697,-4.050000508626302,0,True,False,bull_trend,^TWII,,,,,,,,False,,,0,0.01
2026-04-22,2408.TW,南亞科,220.0,賣出 (動能轉弱),,,,,,,,,,,,,,,,,,,,,,,,7.305938466852924,31.050229746778424,46.575348115106216,33.78995405064431,,,,,,,435.5,97.95454545454544,-97.95454545454544,81,2026-07-12,completed,sell,squeeze,-3.25,-3.25,0,True,False,bull_trend,^TWII,,,,,,,,False,,,0,0.01
2026-04-22,2485.TW,兆赫,72.30000305175781,賣出 (動能轉弱),,,,,,,,,,,,,,,,,,,,,,,,-14.225349963550835,-4.6478916221941,-5.352116974306775,-1.4084507042253502,,,,,,,49.900001525878906,-30.982020166504405,30.982020166504405,81,2026-07-12,completed,sell,squeeze,-3.583332061767578,-1.1166648864746092,0,True,False,bull_trend,^TWII,,,,,,,,False,,,0,0.01
2026-04-22,2755.TWO,揚秦,136.5,賣出 (動能轉弱),,,,,,,,,,,,,,,,,,,,,,,,-0.3703691045572665,-0.740745480806837,-2.5925910035931587,-1.8518527944786367,,,,,,,138.0,1.098901098901099,-1.098901098901099,81,2026-07-12,completed,sell,squeeze,-2.833333333333333,-1.9166666666666663,0,True,False,bull_trend,^TWII,,,,,,,,False,,,0,0.01
2026-04-22,4768.TWO,晶呈科技,532.0,買入 (動能增強),,,,,,,,,,,,,,,,,,,,,,,,-8.178443104369215,-3.717475188042507,-12.546472264668884,-17.100373163711925,,,,,,,367.0,-31.015037593984964,-31.015037593984964,81,2026-07-12,completed,buy,squeeze,27.5,20.75,0,True,False,bull_trend,^TWII,,,,,,,,False,,,0,0.01
2026-04-22,4968.TW,立積,122.0,強烈買入 (爆發),,,,,,,,,,,,,,,,,,,,,,,,-9.230770146800948,-8.076928344105482,-11.15384775690167,-10.76923580740524,,,,,,,111.5,-8.60655737704918,-8.60655737704918,81,2026-07-12,completed,buy,squeeze,6.583333333333333,3.75,0,False,True,bull_trend,^TWII,,,,,,,,False,,,0,0.01
2026-04-22,6438.TW,迅得,183.5,買入 (動能增強),,,,,,,,,,,,,,,,,,,,,,,,-4.39559972636383,-4.39559972636383,-7.4175798495001,-9.890103633327527,,,,,,,150.0,-18.25613079019073,-18.25613079019073,81,2026-07-12,completed,buy,squeeze,6.583333333333333,6.333333333333334,0,True,False,bull_trend,^TWII,,,,,,,,False,,,0,0.01
2026-04-22,6442.TW,光聖,2340.0,買入 (動能增強),,,,,,,,,,,,,,,,,,,,,,,,-10.491073146267691,-6.473213942175038,-19.41964732315313,-20.31250309185328,,,,,,,1480.0,-36.75213675213676,-36.75213675213676,81,2026-07-12,completed,buy,squeeze,124.16666666666666,121.66666666666666,0,True,False,bull_trend,^TWII,,,,,,,,False,,,0,0.01
2026-04-22,6526.TW,達發,555.0,強烈買入 (爆發),,,,,,,,,,,,,,,,,,,,,,,,-10.163928569970482,18.03278571399409,15.245908164890045,15.409836734860516,,,,,,,652.0,17.47747747747748,17.47747747747748,81,2026-07-12,completed,buy,squeeze,22.416666666666664,9.75,0,False,True,bull_trend,^TWII,,,,,,,,False,,,0,0.01
2026-04-22,6568.TWO,宏觀,257.0,強烈買入 (爆發),,,,,,,,,,,,,,,,,,,,,,,,-9.854018248027971,-10.583943861140888,-19.5255494750268,-20.802924915725303,,,,,,,156.0,-39.29961089494164,-39.29961089494164,81,2026-07-12,completed,buy,squeeze,8.5,5.5,0,False,True,bull_trend,^TWII,,,,,,,,False,,,0,0.01
2026-04-22,6705.TWO,振躍精密,141.0,強烈買入 (爆發),,,,,,,,,,,,,,,,,,,,,,,,-23.891050649969813,-13.618674840288325,-25.05836511457895,-27.5486384070178,,,,,,,93.0,-34.04255319148936,-34.04255319148936,81,2026-07-12,completed,buy,squeeze,11.88333257039388,0.1833330790201823,0,False,True,bull_trend,^TWII,,,,,,,,False,,,0,0.01
2026-04-22,6720.TWO,久昌,161.5,賣出 (動能轉弱),,,,,,,,,,,,,,,,,,,,,,,,1.2345679012345734,-2.469135802469136,1.2345679012345734,-2.469135802469136,,,,,,,140.5,-13.0030959752322,13.0030959752322,81,2026-07-12,completed,sell,squeeze,-5.416666666666666,-3.083333333333333,0,True,False,bull_trend,^TWII,,,,,,,,False,,,0,0.01
2026-04-22,6808.TWO,三鼎生技,31.100000381469727,強烈賣出 (跌破),,,,,,,,,,,,,,,,,,,,,,,,11.433172560770434,-0.3220546018629533,-0.9661761316223204,-0.4830880658111547,,,,,,,38.34999847412109,23.311890687214024,-23.311890687214024,81,2026-07-12,completed,sell,squeeze,-2.9833329518636065,-2.7833331425984698,0,False,True,bull_trend,^TWII,,,,,,,,False,,,0,0.01
2026-04-22,6818.TWO,連騰,93.5,買入 (動能增強),,,,,,,,,,,,,,,,,,,,,,,,-21.61849287552784,-24.97110163573518,-28.323701440763006,-30.63583923733393,,,,,,,55.59999847412109,-40.53476099024482,-40.53476099024482,81,2026-07-12,completed,buy,squeeze,8.800000508626301,7.733333587646484,0,True,False,bull_trend,^TWII,,,,,,,,False,,,0,0.01
2026-04-22,8299.TWO,群聯,1765.0,買入 (動能增強),,,,,,,,,,,,,,,,,,,,,,,,16.619717217082687,34.647890211995744,47.605633490595054,31.549295813675627,,,,,,,2220.0,25.77903682719547,25.77903682719547,81,2026-07-12,completed,buy,squeeze,41.66666666666666,28.33333333333333,0,True,False,bull_trend,^TWII,,,,,,,,False,,,0,0.01
2026-04-22,8436.TWO,大江,124.0,賣出 (動能轉弱),,,,,,,,,,,,,,,,,,,,,,,,-4.799993744416609,-1.59999364186606,-4.799993744416609,-3.999996923483573,,,,,,,115.0,-7.258064516129033,7.258064516129033,81,2026-07-12,completed,sell,squeeze,-3.166666666666667,-3.0,0,True,False,bull_trend,^TWII,,,,,,,,False,,,0,0.01
2026-04-22,8472.TWO,夠麻吉,71.9000015258789,賣出 (動能轉弱),,,,,,,,,,,,,,,,,,,,,,,,-4.044622064039672,0.8368286318739315,-2.370986081727955,1.6736466230298008,,,,,,,80.4000015258789,11.821974714340726,-11.821974714340726,81,2026-07-12,completed,sell,squeeze,-3.866666158040364,-3.25,0,True,False,bull_trend,^TWII,,,,,,,,False,,,0,0.01
2026-04-21,1264.TWO,德麥,276.5,賣出 (動能轉弱),,,,,,,,,,,,,,,,,,,,,,,,-0.9041587517436224,-1.9891515903446064,-1.2658269254583687,-1.2658269254583687,,,,,,,270.5,-2.16998191681736,2.16998191681736,82,2026-07-12,completed,sell,squeeze,-3.0,-2.75,0,True,False,bull_trend,^TWII,,,,,,,,False,,,0,0.01
2026-04-21,1736.TW,喬山,116.0,強烈賣出 (跌破),,,,,,,,,,,,,,,,,,,,,,,,14.042554908746062,4.680851636248695,2.1276580003161127,6.38297400094836,,,,,,,131.5,13.36206896551724,-13.36206896551724,82,2026-07-12,completed,sell,squeeze,-6.5,-6.416666666666667,0,False,True,bull_trend,^TWII,,,,,,,,False,,,0,0.01
2026-04-21,2059.TW,川湖,3745.0,強烈買入 (爆發),,,,,,,,,,,,,,,,,,,,,,,,3.242539474041295,14.137478462248222,41.24513388694622,16.731510041481236,,,,,,,8250.0,120.29372496662216,120.29372496662216,82,2026-07-12,completed,buy,squeeze,10.833333333333345,-91.66666666666664,0,False,True,bull_trend,^TWII,,,,,,,,False,,,0,0.01
2026-04-21,2256.TWO,歐特明,80.0999984741211,強烈買入 (爆發),,,,,,,,,,,,,,,,,,,,,,,,-7.528231154006749,13.299882696858,7.026356735185724,-15.558336726834543,,,,,,,73.69999694824219,-7.990014541569105,-7.990014541569105,82,2026-07-12,completed,buy,squeeze,8.666667938232422,4.916667938232422,0,False,True,bull_trend,^TWII,,,,,,,,False,,,0,0.01
2026-04-21,2367.TW,燿華,65.5999984741211,賣出 (動能轉弱),,,,,,,,,,,,,,,,,,,,,,,,-15.078232405320446,-13.371265684621124,-7.82361156550585,-8.961593016888347,,,,,,,51.5,-21.493900612945104,21.493900612945104,82,2026-07-12,completed,sell,squeeze,-4.050000508626302,-2.11666742960612,0,True,False,bull_trend,^TWII,,,,,,,,False,,,0,0.01
